{
  "name": "ni_rich",
  "n_frames": 41,
  "n_atoms": 72,
  "numbers": [
    28,
    22,
    28,
    22,
    28,
    22,
    28,
    22,
    28,
    22,
    28,
    22,
    28,
    22,
    28,
    22,
    28,
    22,
    28,
    28,
    28,
    22,
    28,
    22,
    28,
    22,
    28,
    22,
    28,
    22,
    28,
    22,
    28,
    22,
    28,
    28,
    28,
    22,
    28,
    22,
    28,
    22,
    28,
    28,
    28,
    22,
    28,
    22,
    28,
    22,
    28,
    22,
    28,
    22,
    28,
    22,
    28,
    28,
    28,
    22,
    28,
    22,
    28,
    22,
    28,
    22,
    28,
    22,
    28,
    22,
    28,
    22
  ],
  "cells": [
    [
      8.870866775512695,
      0.03755664825439453,
      -0.0357736311852932,
      0.03760398179292679,
      8.919642448425293,
      -0.003604340832680464,
      -0.04716787859797478,
      -0.0047802855260670185,
      12.0600004196167
    ],
    [
      8.854803085327148,
      0.040767788887023926,
      -0.03943222761154175,
      0.04078250378370285,
      8.914494514465332,
      -0.004978167358785868,
      -0.0518525168299675,
      -0.006618229206651449,
      12.114289283752441
    ],
    [
      8.828296661376953,
      0.043453458696603775,
      -0.04314026981592178,
      0.04341547191143036,
      8.902112007141113,
      -0.006778697948902845,
      -0.056540340185165405,
      -0.009029855951666832,
      12.168581008911133
    ],
    [
      8.802972793579102,
      0.04472017288208008,
      -0.04574519023299217,
      0.04462076723575592,
      8.890668869018555,
      -0.007982715964317322,
      -0.05971132218837738,
      -0.01062183640897274,
      12.222867965698242
    ],
    [
      8.778048515319824,
      0.0450606644153595,
      -0.047320861369371414,
      0.044894080609083176,
      8.879257202148438,
      -0.008694235235452652,
      -0.06145212799310684,
      -0.011534805409610271,
      12.277148246765137
    ],
    [
      8.75339126586914,
      0.04479539394378662,
      -0.047973502427339554,
      0.04455672949552536,
      8.867966651916504,
      -0.008982053957879543,
      -0.06190057098865509,
      -0.011861886829137802,
      12.331421852111816
    ],
    [
      8.72898006439209,
      0.044178321957588196,
      -0.0478365495800972,
      0.0438632108271122,
      8.856985092163086,
      -0.009013030678033829,
      -0.061235032975673676,
      -0.011833827011287212,
      12.385689735412598
    ],
    [
      8.70490550994873,
      0.04340734705328941,
      -0.04713333770632744,
      0.043013494461774826,
      8.84641170501709,
      -0.008874895982444286,
      -0.05976593866944313,
      -0.011571735143661499,
      12.439953804016113
    ],
    [
      8.685444831848145,
      0.04274272918701172,
      -0.04646569862961769,
      0.042287103831768036,
      8.837433815002441,
      -0.008669748902320862,
      -0.058379992842674255,
      -0.01121749822050333,
      12.494217872619629
    ],
    [
      8.659672737121582,
      0.04173603653907776,
      -0.045462410897016525,
      0.04119931161403656,
      8.82515811920166,
      -0.008191552944481373,
      -0.05646856129169464,
      -0.01047165971249342,
      12.548479080200195
    ],
    [
      8.636332511901855,
      0.04054734855890274,
      -0.044247306883335114,
      0.03992655500769615,
      8.81534194946289,
      -0.007520264945924282,
      -0.0542658232152462,
      -0.009453202597796917,
      12.602739334106445
    ],
    [
      8.61280345916748,
      0.039131175726652145,
      -0.04277558997273445,
      0.03841916471719742,
      8.806026458740234,
      -0.006653034593909979,
      -0.05168702080845833,
      -0.008154284209012985,
      12.656998634338379
    ],
    [
      8.588509559631348,
      0.03745439276099205,
      -0.04094763845205307,
      0.03663994371891022,
      8.797304153442383,
      -0.005580118391662836,
      -0.048579141497612,
      -0.006559802684932947,
      12.711255073547363
    ],
    [
      8.557926177978516,
      0.035019975155591965,
      -0.037984639406204224,
      0.034057822078466415,
      8.788908958435059,
      -0.004054358694702387,
      -0.043751876801252365,
      -0.004311566241085529,
      12.765506744384766
    ],
    [
      8.428814888000488,
      0.016143541783094406,
      0.0014443667605519295,
      0.013818738050758839,
      8.863602638244629,
      0.0011461933609098196,
      0.015962228178977966,
      0.003042774274945259,
      12.819571495056152
    ],
    [
      8.333761215209961,
      0.0048255762085318565,
      0.0041279178112745285,
      0.0016767074121162295,
      8.908246040344238,
      0.0028414579574018717,
      0.01993703283369541,
      0.005511106923222542,
      12.873846054077148
    ],
    [
      8.299614906311035,
      0.002890218049287796,
      0.0009022307931445539,
      -0.00039979073335416615,
      8.905468940734863,
      0.005253463983535767,
      0.01482209749519825,
      0.00898763258010149,
      12.928109169006348
    ],
    [
      8.271642684936523,
      0.0016753757372498512,
      -0.0010260703274980187,
      -0.0017022326355800033,
      8.901948928833008,
      0.007348823826760054,
      0.011747991666197777,
      0.012003608047962189,
      12.982377052307129
    ],
    [
      8.242921829223633,
      0.0006971306283958256,
      -0.0025418035220354795,
      -0.0027488579507917166,
      8.895306587219238,
      0.009676493704319,
      0.009323343634605408,
      0.0153557900339365,
      13.036646842956543
    ],
    [
      8.220622062683105,
      8.33505837363191e-05,
      -0.0034834397956728935,
      -0.0034036070574074984,
      8.887874603271484,
      0.011816252022981644,
      0.007818229496479034,
      0.018431026488542557,
      13.09091854095459
    ],
    [
      8.197778701782227,
      -0.00043843279127031565,
      -0.004269623197615147,
      -0.0039582266472280025,
      8.87700080871582,
      0.014383047819137573,
      0.006561394315212965,
      0.02213059365749359,
      13.14519214630127
    ],
    [
      8.201998710632324,
      -0.000818822009023279,
      -0.00453371275216341,
      -0.0043706148862838745,
      8.892614364624023,
      0.016722116619348526,
      0.006114039104431868,
      0.025706376880407333,
      13.09092903137207
    ],
    [
      8.211091995239258,
      -0.0010430176043882966,
      -0.004552542231976986,
      -0.004614958073943853,
      8.913143157958984,
      0.019588522613048553,
      0.006060754880309105,
      0.03007003478705883,
      13.036667823791504
    ],
    [
      8.221867561340332,
      -0.0011081317206844687,
      -0.004386428743600845,
      -0.0046867080964148045,
      8.934530258178711,
      0.0230141319334507,
      0.006301846355199814,
      0.03525145351886749,
      12.98241138458252
    ],
    [
      8.233308792114258,
      -0.0010139069054275751,
      -0.004098871722817421,
      -0.004585085436701775,
      8.95574951171875,
      0.026973450556397438,
      0.006735214032232761,
      0.04120472073554993,
      12.928157806396484
    ],
    [
      8.245166778564453,
      -0.0007699189591221511,
      -0.003734712488949299,
      -0.004320381209254265,
      8.976569175720215,
      0.03135399520397186,
      0.007289531175047159,
      0.04776177182793617,
      12.873909950256348
    ],
    [
      8.257423400878906,
      -0.00039557006675750017,
      -0.003336516208946705,
      -0.00391380675137043,
      8.996960639953613,
      0.035878390073776245,
      0.007897889241576195,
      0.05452193319797516,
      12.81966495513916
    ],
    [
      8.27017879486084,
      6.157023744890466e-05,
      -0.0029589354526251554,
      -0.0034175137989223003,
      9.016948699951172,
      0.040041133761405945,
      0.008475350216031075,
      0.06076623499393463,
      12.765421867370605
    ],
    [
      8.281314849853516,
      0.0004284195019863546,
      -0.0027152574621140957,
      -0.003020195523276925,
