{
  "name": "niti_cu",
  "n_frames": 41,
  "n_atoms": 72,
  "numbers": [
    28,
    22,
    28,
    22,
    28,
    22,
    28,
    22,
    28,
    22,
    28,
    22,
    28,
    22,
    28,
    22,
    28,
    22,
    29,
    22,
    28,
    22,
    28,
    22,
    28,
    22,
    28,
    22,
    28,
    22,
    28,
    22,
    28,
    22,
    29,
    22,
    28,
    22,
    28,
    22,
    28,
    22,
    29,
    22,
    28,
    22,
    28,
    22,
    28,
    22,
    28,
    22,
    28,
    22,
    28,
    22,
    29,
    22,
    28,
    22,
    28,
    22,
    28,
    22,
    28,
    22,
    28,
    22,
    28,
    22,
    28,
    22
  ],
  "cells": [
    [
      9.036102294921875,
      0.04979729279875755,
      0.01186402142047882,
      0.049816809594631195,
      9.061541557312012,
      0.003657103981822729,
      0.01586933247745037,
      0.004925829824060202,
      12.0600004196167
    ],
    [
      9.024595260620117,
      0.054424017667770386,
      0.013956478796899319,
      0.05443741753697395,
      9.053848266601562,
      0.002916195895522833,
      0.018590806052088737,
      0.003902425291016698,
      12.114273071289062
    ],
    [
      8.987298965454102,
      0.08284247666597366,
      0.013043094426393509,
      0.0827697366476059,
      9.0472412109375,
      -0.005382937379181385,
      0.017310580238699913,
      -0.0071946848183870316,
      12.168538093566895
    ],
    [
      8.972646713256836,
      0.08415145426988602,
      0.011698334477841854,
      0.08405711501836777,
      9.036054611206055,
      -0.005829385947436094,
      0.015378359705209732,
      -0.007736310828477144,
      12.22280502319336
    ],
    [
      8.951248168945312,
      0.08545620739459991,
      0.010675362311303616,
      0.085326187312603,
      9.019674301147461,
      -0.006758019793778658,
      0.013881020247936249,
      -0.008932407014071941,
      12.277073860168457
    ],
    [
      8.930500030517578,
      0.0864657312631607,
      0.010318162851035595,
      0.08629199862480164,
      9.004528999328613,
      -0.007962391711771488,
      0.01330578699707985,
      -0.010515918023884296,
      12.331344604492188
    ],
    [
      8.90992259979248,
      0.08727636933326721,
      0.010414249263703823,
      0.08705464750528336,
      8.98979663848877,
      -0.009265595115721226,
      0.013361020013689995,
      -0.012242133729159832,
      12.385616302490234
    ],
    [
      8.889430046081543,
      0.08790982514619827,
      0.010889247059822083,
      0.08763866126537323,
      8.975106239318848,
      -0.010692767798900604,
      0.013947314582765102,
      -0.014145311899483204,
      12.439888954162598
    ],
    [
      8.869086265563965,
      0.08835593611001968,
      0.011711983010172844,
      0.08803603053092957,
      8.960283279418945,
      -0.012223325669765472,
      0.015024282038211823,
      -0.01619723252952099,
      12.494162559509277
    ],
    [
      8.8490571975708,
      0.08854725956916809,
      0.012816116213798523,
      0.08818081766366959,
      8.9452486038208,
      -0.013747413642704487,
      0.016500286757946014,
      -0.018244052305817604,
      12.548437118530273
    ],
    [
      8.829601287841797,
      0.08835012465715408,
      0.01401902548968792,
      0.08793970197439194,
      8.930062294006348,
      -0.015064412727952003,
      0.018115943297743797,
      -0.020000919699668884,
      12.60271167755127
    ],
    [
      8.81075668334961,
      0.08762505650520325,
      0.015099579468369484,
      0.0871720165014267,
      8.91472339630127,
      -0.016096800565719604,
      0.019554659724235535,
      -0.021353399381041527,
      12.656986236572266
    ],
    [
      8.792393684387207,
      0.08626911789178848,
      0.015909338369965553,
      0.08577202260494232,
      8.899271011352539,
      -0.016917498782277107,
      0.020602328702807426,
      -0.02240132912993431,
      12.711259841918945
    ],
    [
      8.774298667907715,
      0.08419278264045715,
      0.016368456184864044,
      0.08364579826593399,
      8.883829116821289,
      -0.017592452466487885,
      0.02114136517047882,
      -0.023237016052007675,
      12.765532493591309
    ],
    [
      8.756211280822754,
      0.08130276948213577,
      0.016441872343420982,
      0.0806942954659462,
      8.868587493896484,
      -0.01808563806116581,
      0.02111656591296196,
      -0.02380763366818428,
      12.819803237915039
    ],
    [
      8.73414421081543,
      0.07647485285997391,
      0.016052033752202988,
      0.0757635086774826,
      8.851201057434082,
      -0.018225783482193947,
      0.020401624962687492,
      -0.02385861799120903,
      12.874072074890137
    ],
    [
      8.69179630279541,
      0.05762549862265587,
      0.015646381303668022,
      0.05639076605439186,
      8.837913513183594,
      -0.012834100984036922,
      0.019572708755731583,
      -0.01589394174516201,
      12.928326606750488
    ],
    [
      8.684202194213867,
      0.05650939792394638,
      0.016841500997543335,
      0.05522285774350166,
      8.834814071655273,
      -0.011426749639213085,
      0.021230392158031464,
      -0.013755105435848236,
      12.982596397399902
    ],
    [
      8.665314674377441,
      0.05470060557126999,
      0.018800178542733192,
      0.05333627015352249,
      8.822413444519043,
      -0.009149784222245216,
      0.023999212309718132,
      -0.010327602736651897,
      13.036867141723633
    ],
    [
      8.641463279724121,
      0.052041903138160706,
      0.020689990371465683,
      0.05057130008935928,
      8.807173728942871,
      -0.006640969309955835,
      0.02664901688694954,
      -0.006554752122610807,
      13.091139793395996
    ],
    [
      8.619556427001953,
      0.049022044986486435,
      0.021703846752643585,
      0.04743584990501404,
      8.794556617736816,
      -0.004698403645306826,
      0.027977900579571724,
      -0.003622369607910514,
      13.145411491394043
    ],
    [
      8.623174667358398,
      0.046855490654706955,
      0.02204178459942341,
      0.04517929255962372,
      8.805699348449707,
      -0.003751189447939396,
      0.028632154688239098,
      -0.0022565051913261414,
      13.091141700744629
    ],
    [
      8.634100914001465,
      0.04455834999680519,
      0.022679919376969337,
      0.04277947172522545,
      8.82563591003418,
      -0.0027006047312170267,
      0.02976383827626705,
      -0.000742644420824945,
      13.036873817443848
    ],
    [
      8.646551132202148,
      0.043068207800388336,
      0.023451199755072594,
      0.0412120595574379,
      8.84563159942627,
      -0.0017648471985012293,
      0.031101783737540245,
      0.000604085682425648,
      12.982606887817383
    ],
    [
      8.657772064208984,
      0.0425146259367466,
      0.024118896573781967,
      0.04061863571405411,
      8.861414909362793,
      -0.0010934470919892192,
      0.032282304018735886,
      0.0015681881923228502,
      12.928339958190918
    ],
    [
      8.671302795410156,
      0.04244183376431465,
      0.024858364835381508,
      0.04052267223596573,
      8.878329277038574,
      -0.0004529579309746623,
      0.03357846662402153,
      0.0024888624902814627,
      12.874073028564453
    ],
    [
      8.686200141906738,
      0.04286956787109375,
      0.025653725489974022,
      0.040945444256067276,
      8.89526653289795,
      0.0001906747929751873,
      0.03496265411376953,
      0.003415636485442519,
      12.819806098937988
    ],
    [
      8.705491065979004,
      0.04405095800757408,
      0.026733554899692535,
      0.04214499145746231,
      8.915253639221191,
      0.0010596498614177108,
      0.03678138554096222,
      0.004668159876018763,
      12.765541076660156
    ],
    [
      8.72016429901123,
      0.045428309589624405,
      0.02755599096417427,
      0.04355436563491821,
      8.929088592529297,
      0.0018043136224150658,
      0.038205601274967194,
