{
  "name": "niti_hf",
  "n_frames": 41,
  "n_atoms": 72,
  "numbers": [
    28,
    22,
    28,
    22,
    28,
    22,
    28,
    22,
    28,
    22,
    28,
    22,
    28,
    22,
    28,
    22,
    28,
    22,
    28,
    72,
    28,
    22,
    28,
    22,
    28,
    22,
    28,
    22,
    28,
    22,
    28,
    22,
    28,
    22,
    28,
    72,
    28,
    22,
    28,
    22,
    28,
    22,
    28,
    72,
    28,
    22,
    28,
    22,
    28,
    22,
    28,
    22,
    28,
    22,
    28,
    22,
    28,
    72,
    28,
    22,
    28,
    22,
    28,
    22,
    28,
    22,
    28,
    22,
    28,
    22,
    28,
    22
  ],
  "cells": [
    [
      9.122526168823242,
      -0.02669638767838478,
      -0.0564543791115284,
      -0.026691153645515442,
      9.08545970916748,
      -0.006497503723949194,
      -0.07580062001943588,
      -0.008743292652070522,
      12.0600004196167
    ],
    [
      9.10962200164795,
      -0.02973369136452675,
      -0.05534076318144798,
      -0.029733750969171524,
      9.068340301513672,
      -0.007231654599308968,
      -0.07387743145227432,
      -0.009635892696678638,
      12.114259719848633
    ],
    [
      9.094334602355957,
      -0.03220440074801445,
      -0.05281437188386917,
      -0.03221087157726288,
      9.048396110534668,
      -0.007301909849047661,
      -0.07004591822624207,
      -0.009632605127990246,
      12.168506622314453
    ],
    [
      9.079187393188477,
      -0.03446601331233978,
      -0.048704423010349274,
      -0.03448810055851936,
      9.02763557434082,
      -0.007968398742377758,
      -0.06409076601266861,
      -0.010427809320390224,
      12.22274398803711
    ],
    [
      9.064582824707031,
      -0.03675372153520584,
      -0.04256386682391167,
      -0.036797862499952316,
      9.006572723388672,
      -0.008930666372179985,
      -0.05539575591683388,
      -0.011614220216870308,
      12.276969909667969
    ],
    [
      9.050517082214355,
      -0.039251651614904404,
      -0.03428387641906738,
      -0.03932182863354683,
      8.985267639160156,
      -0.009900234639644623,
      -0.04379385709762573,
      -0.012797147035598755,
      12.331189155578613
    ],
    [
      9.036937713623047,
      -0.04192173480987549,
      -0.02490912191569805,
      -0.04201888665556908,
      8.964126586914062,
      -0.01075795479118824,
      -0.030695343390107155,
      -0.01381869800388813,
      12.38541316986084
    ],
    [
      9.0235595703125,
      -0.04447624832391739,
      -0.01566663756966591,
      -0.04460068792104721,
      8.943333625793457,
      -0.011687827296555042,
      -0.017780259251594543,
      -0.014942076988518238,
      12.439651489257812
    ],
    [
      9.010238647460938,
      -0.04688872769474983,
      -0.007046150974929333,
      -0.04703991115093231,
      8.922866821289062,
      -0.012803536839783192,
      -0.005728099960833788,
      -0.016330108046531677,
      12.493905067443848
    ],
    [
      8.99697208404541,
      -0.049271248281002045,
      0.0008693671552464366,
      -0.049447234719991684,
      8.90272045135498,
      -0.014120503328740597,
      0.005340627860277891,
      -0.01800687611103058,
      12.548171043395996
    ],
    [
      8.983795166015625,
      -0.05171544849872589,
      0.008027221076190472,
      -0.051913414150476456,
      8.88283920288086,
      -0.015577520243823528,
      0.015347077511250973,
      -0.019888311624526978,
      12.602447509765625
    ],
    [
      8.97079086303711,
      -0.05429770052433014,
      0.014307506382465363,
      -0.05451446771621704,
      8.863144874572754,
      -0.01705016940832138,
      0.02411760948598385,
      -0.021799879148602486,
      12.656729698181152
    ],
    [
      8.958032608032227,
      -0.05704111233353615,
      0.01956125721335411,
      -0.0572739839553833,
      8.843534469604492,
      -0.01838674023747444,
      0.031435854732990265,
      -0.02352587692439556,
      12.711015701293945
    ],
    [
      8.945568084716797,
      -0.059863582253456116,
      0.023697108030319214,
      -0.060111891478300095,
      8.823888778686523,
      -0.01946726068854332,
      0.037164706736803055,
      -0.02489280514419079,
      12.765301704406738
    ],
    [
      8.933454513549805,
      -0.06257595866918564,
      0.026703646406531334,
      -0.06284262239933014,
      8.804143905639648,
      -0.020212305709719658,
      0.04127965867519379,
      -0.025782683864235878,
      12.819584846496582
    ],
    [
      8.921688079833984,
      -0.06494433432817459,
      0.02862684056162834,
      -0.06523628532886505,
      8.78428840637207,
      -0.02055513486266136,
      0.0438382551074028,
      -0.026093723252415657,
      12.873863220214844
    ],
    [
      8.908332824707031,
      -0.0672065019607544,
      0.029681310057640076,
      -0.06754504144191742,
      8.760092735290527,
      -0.020344620570540428,
      0.045135971158742905,
      -0.025586701929569244,
      12.928135871887207
    ],
    [
      8.89909839630127,
      -0.06821299344301224,
      0.029507996514439583,
      -0.0686008483171463,
      8.742270469665527,
      -0.019717544317245483,
      0.0446663573384285,
      -0.024488043040037155,
      12.982401847839355
    ],
    [
      8.886347770690918,
      -0.0685269683599472,
      0.028078598901629448,
      -0.06899507343769073,
      8.718439102172852,
      -0.018294215202331543,
      0.04234681650996208,
      -0.022196752950549126,
      13.03665828704834
    ],
    [
      8.875458717346191,
      -0.06774193793535233,
      0.025376975536346436,
      -0.06831017136573792,
      8.6964693069458,
      -0.016362264752388,
      0.03816528245806694,
      -0.01915602572262287,
      13.090909004211426
    ],
    [
      8.864370346069336,
      -0.06603512167930603,
      0.02139849029481411,
      -0.06671937555074692,
      8.674466133117676,
      -0.014105749316513538,
      0.0320938415825367,
      -0.015635564923286438,
      13.145155906677246
    ],
    [
      8.875316619873047,
      -0.06457386910915375,
      0.01812681369483471,
      -0.06534823775291443,
      8.677392959594727,
      -0.012683806009590626,
      0.02744457498192787,
      -0.013613489456474781,
      13.090872764587402
    ],
    [
      8.894325256347656,
      -0.06307715177536011,
      0.01409249659627676,
      -0.0639471784234047,
      8.687618255615234,
      -0.011469654738903046,
      0.021697141230106354,
      -0.011923199519515038,
      13.036590576171875
    ],
    [
      8.909659385681152,
      -0.06232035905122757,
      0.011282785795629025,
      -0.06324401497840881,
      8.697705268859863,
      -0.010875795967876911,
      0.017723262310028076,
      -0.011148453690111637,
      12.982314109802246
    ],
    [
      8.926125526428223,
      -0.061976172029972076,
      0.009040272794663906,
      -0.06293410062789917,
      8.710349082946777,
      -0.010584528557956219,
      0.014572188258171082,
      -0.010821620002388954,
      12.928040504455566
    ],
    [
      8.942575454711914,
      -0.062120962888002396,
      0.007618438918143511,
      -0.06309086829423904,
      8.72458267211914,
      -0.01059141755104065,
      0.012602522037923336,
      -0.010929728858172894,
      12.873769760131836
    ],
    [
      8.961905479431152,
      -0.0630347803235054,
      0.007276344113051891,
      -0.06398788094520569,
      8.743319511413574,
      -0.011016850359737873,
      0.012181905098259449,
      -0.01164851151406765,
      12.819500923156738
    ],
    [
      8.978106498718262,
      -0.0647004172205925,
      0.008851206861436367,
      -0.06560492515563965,
      8.761075973510742,
      -0.011878912337124348,
      0.014484533108770847,
      -0.012984581291675568,
      12.76523494720459
    ],
    [
      8.993232727050781,
      -0.06691718101501465,
      0.012105992995202541,
      -0.06775067746639252,
      8.779251098632812,
