{"name": "niti_superelastic", "n_frames": 60, "n_atoms": 72, "numbers": [28, 22, 28, 22, 28, 22, 28, 22, 28, 22, 28, 22, 28, 22, 28, 22, 28, 22, 28, 22, 28, 22, 28, 22, 28, 22, 28, 22, 28, 22, 28, 22, 28, 22, 28, 22, 28, 22, 28, 22, 28, 22, 28, 22, 28, 22, 28, 22, 28, 22, 28, 22, 28, 22, 28, 22, 28, 22, 28, 22, 28, 22, 28, 22, 28, 22, 28, 22, 28, 22, 28, 22], "cells": [[18.09000015258789, 0.0, 0.0, 0.0, 18.09000015258789, 0.0, 0.0, 0.0, 3.015000104904175], [18.142953872680664, 0.0, 0.0, 0.0, 18.09000015258789, 0.0, 0.0, 0.0, 3.015000104904175], [18.195905685424805, 0.0, 0.0, 0.0, 18.09000015258789, 0.0, 0.0, 0.0, 3.015000104904175], [18.248859405517578, 0.0, 0.0, 0.0, 18.09000015258789, 0.0, 0.0, 0.0, 3.015000104904175], [18.30181312561035, 0.0, 0.0, 0.0, 18.09000015258789, 0.0, 0.0, 0.0, 3.015000104904175], [18.34131622314453, -0.0067953793331980705, -4.934627151342852e-10, -0.006708908826112747, 18.11048126220703, 3.635760859044268e-10, -8.119724337340983e-11, 6.059601431740447e-11, 3.0078229904174805], [18.371734619140625, -0.018180619925260544, -1.3202291482272699e-09, -0.01794927380979061, 18.144798278808594, 9.727254557390097e-10, -2.172382412846119e-10, 1.6212091391576422e-10, 2.995798349380493], [18.40215492248535, -0.029565859586000443, -2.146995692342557e-09, -0.029189638793468475, 18.179113388061523, 1.5818748533291682e-09, -3.5327923919581394e-10, 2.636458273919118e-10, 2.9837734699249268], [18.432573318481445, -0.04095109924674034, -2.9737621254355417e-09, -0.04043000191450119, 18.213430404663086, 2.1910242509193267e-09, -4.893202509848038e-10, 3.6517072699027153e-10, 2.9717488288879395], [18.46299171447754, -0.05233634263277054, -3.800528780573131e-09, -0.051670368760824203, 18.24774742126465, 2.8001736485094852e-09, -6.253612072626424e-10, 4.666956265886313e-10, 2.959724187850952], [18.493412017822266, -0.06372158229351044, -4.627294991621511e-09, -0.06291073560714722, 18.282062530517578, 3.4093230460996438e-09, -7.614022190516323e-10, 5.68220526186991e-10, 2.947699546813965], [18.52383041381836, -0.07510682195425034, -5.454061646759101e-09, -0.07415109872817993, 18.31637954711914, 4.018472665734407e-09, -8.974432308406222e-10, 6.697454257853508e-10, 2.9356746673583984], [18.554250717163086, -0.08649206161499023, -6.2808278578074805e-09, -0.08539146184921265, 18.35069465637207, 4.627621841279961e-09, -1.0334841871184608e-09, 7.712703253837105e-10, 2.923650026321411], [18.58466911315918, -0.09787730127573013, -7.10759451294507e-09, -0.09663182497024536, 18.385011672973633, 5.236771460914724e-09, -1.1695252544186019e-09, 8.727952249820703e-10, 2.911625385284424], [18.615087509155273, -0.10926254093647003, -7.93436072399345e-09, -0.10787218809127808, 18.419326782226562, 5.845920636460278e-09, -1.3055662106964405e-09, 9.743201800915813e-10, 2.8996007442474365], [18.6455078125, -0.12064778804779053, -8.76112782322025e-09, -0.11911255866289139, 18.453643798828125, 6.455070256095041e-09, -1.4416071669742792e-09, 1.075845079689941e-09, 2.88757586479187], [18.675926208496094, -0.13203302025794983, -9.58789403426863e-09, -0.1303529143333435, 18.487958908081055, 7.064219431640595e-09, -1.5776482342744202e-09, 1.1773699792883008e-09, 2.875551223754883], [18.706344604492188, -0.14341826736927032, -1.0414660245317009e-08, -0.14159329235553741, 18.522275924682617, 7.673368607186148e-09, -1.7136891905522589e-09, 1.2788948788866605e-09, 2.8635265827178955], [18.736764907836914, -0.15480349957942963, -1.1241427344543808e-08, -0.15283365547657013, 18.556591033935547, 8.282518670910122e-09, -1.8497301468300975e-09, 1.3804197784850203e-09, 2.851501941680908], [18.767183303833008, -0.16618874669075012, -1.2068193555592188e-08, -0.16407401859760284, 18.59090805053711, 8.891667846455675e-09, -1.985771103107936e-09, 1.48194467808338e-09, 2.839477062225342], [18.797603607177734, -0.17757399380207062, -1.2894959766640568e-08, -0.17531438171863556, 18.62522315979004, 9.500817022001229e-09, -2.1218122814303797e-09, 1.5834695776817398e-09, 2.8274524211883545], [18.828022003173828, -0.18895922601222992, -1.3721725977688948e-08, -0.18655474483966827, 18.6595401763916, 1.0109966197546782e-08, -2.2578532377082183e-09, 1.6849944772800995e-09, 2.815427780151367], [18.858440399169922, -0.20034447312355042, -1.4548493076915747e-08, -0.197795107960701, 18.693857192993164, 1.0719116261270756e-08, -2.393894193986057e-09, 1.7865193768784593e-09, 2.80340313911438], [18.88886070251465, -0.21172970533370972, -1.5375260176142547e-08, -0.2090354710817337, 18.728172302246094, 1.132826543681631e-08, -2.5299351502638956e-09, 1.8880441654545166e-09, 2.7913782596588135], [18.919279098510742, -0.2231149524450302, -1.6202026387190926e-08, -0.22027583420276642, 18.762489318847656, 1.1937414612361863e-08, -2.6659761065417342e-09, 1.989569176075179e-09, 2.779353618621826], [18.952119827270508, -0.23343472182750702, -1.695141982338555e-08, -0.2303980588912964, 18.79339027404785, 1.2485967815223376e-08, -2.788484332327812e-09, 2.080994709885431e-09, 2.7685251235961914], [19.006874084472656, -0.23410913348197937, -1.7000395757804654e-08, -0.2303980588912964, 18.79339027404785, 1.2485967815223376e-08, -2.788484332327812e-09, 2.080994709885431e-09, 2.7685251235961914], [19.061630249023438, -0.23478356003761292, -1.704936991586692e-08, -0.2303980588912964, 18.79339027404785, 1.2485967815223376e-08, -2.788484332327812e-09, 2.080994709885431e-09, 2.7685251235961914], [19.116384506225586, -0.23545798659324646, -1.7098344073929184e-08, -0.2303980588912964, 18.79339027404785, 1.2485967815223376e-08, -2.788484332327812e-09, 2.080994709885431e-09, 2.7685251235961914], [19.171138763427734, -0.2361323982477188, -1.7147320008348288e-08, -0.2303980588912964, 18.79339027404785, 1.2485967815223376e-08, -2.788484332327812e-09, 2.080994709885431e-09, 2.7685251235961914], [19.171138763427734, -0.2361323982477188, -1.7147320008348288e-08, -0.2303980588912964, 18.79339027404785, 1.2485967815223376e-08, -2.788484332327812e-09, 2.080994709885431e-09, 2.7685251235961914], [19.116384506225586, -0.23545798659324646, -1.7098344073929184e-08, -0.2303980588912964, 18.79339027404785, 1.2485967815223376e-08, -2.788484332327812e-09, 2.080994709885431e-09, 2.7685251235961914], [19.061630249023438, -0.23478356003761292, -1.704936991586692e-08, -0.2303980588912964, 18.79339027404785, 1.2485967815223376e-08, -2.788484332327812e-09, 2.080994709885431e-09, 2.7685251235961914], [19.006874084472656, -0.23410913348197937, -1.7000395757804654e-08, -0.2303980588912964, 18.79339027404785, 1.2485967815223376e-08, -2.788484332327812e-09, 2.080994709885431e-09, 2.7685251235961914], [18.952119827270508, -0.23343472182750702, -1.695141982338555e-08, -0.2303980588912964, 18.79339027404785, 1.2485967815223376e-08, -2.788484332327812e-09, 2.080994709885431e-09, 2.7685251235961914], [18.897363662719727, -0.23276029527187347, -1.6902445665323285e-08, -0.2303980588912964, 18.79339027404785, 1.2485967815223376e-08, -2.788484332327812e-09, 2.080994709885431e-09, 2.7685251235961914], [18.842609405517578, -0.23208586871623993, -1.685347150726102e-08, -0.2303980588912964, 18.79339027404785, 1.2485967815223376e-08, -2.788484332327812e-09, 2.080994709885431e-09, 2.7685251235961914], [18.78785514831543, -0.23141145706176758, -1.6804495572841915e-08, -0.2303980588912964, 18.79339027404785, 1.2485967815223376e-08, -2.788484332327812e-09, 2.080994709885431e-09, 2.7685251235961914], [18.73309898376465, -0.23073703050613403, -1.675552141477965e-08, -0.2303980588912964, 18.79339027404785, 1.2485967815223376e-08, -2.788484332327812e-09, 2.080994709885431e-09, 2.7685251235961914], [18.6783447265625, -0.2300626039505005, -1.6706547256717386e-08, -0.2303980588912964, 18.79339027404785, 1.2485967815223376e-08, -2.788484332327812e-09, 2.080994709885431e-09, 2.7685251235961914], [18.632413864135742, -0.22564560174942017, -1.638579405494056e-08, -0.2264023721218109, 18.781192779541016, 1.2269429916500485e-08, -2.7401247937319795e-09, 2.044904912068546e-09, 