{
  "name": "smoke",
  "n_frames": 9,
  "n_atoms": 32,
  "numbers": [
    28,
    22,
    28,
    22,
    28,
    22,
    28,
    22,
    28,
    22,
    28,
    22,
    28,
    22,
    28,
    22,
    28,
    22,
    28,
    22,
    28,
    22,
    28,
    22,
    28,
    22,
    28,
    22,
    28,
    22,
    28,
    22
  ],
  "cells": [
    [
      6.03000020980835,
      0.0,
      0.0,
      0.0,
      6.03000020980835,
      0.0,
      0.0,
      0.0,
      12.0600004196167
    ],
    [
      5.978257179260254,
      8.79951134180601e-09,
      9.962286995346403e-09,
      8.79951311816285e-09,
      5.978257179260254,
      -9.670116263293949e-09,
      2.0266202938046263e-08,
      -1.962446738446033e-08,
      12.301199913024902
    ],
    [
      5.919835567474365,
      5.780762535323447e-09,
      1.4983415397296085e-08,
      5.7807674203047554e-09,
      5.919835567474365,
      5.72361935624599e-09,
      3.0178025411942144e-08,
      1.3156439493400285e-08,
      12.542400360107422
    ],
    [
      5.858931541442871,
      -5.229831678832397e-09,
      -6.849274925002646e-09,
      -5.229828570207928e-09,
      5.858931541442871,
      -1.671005911418888e-08,
      -1.7832988419286266e-08,
      -3.555271632649237e-08,
      12.783599853515625
    ],
    [
      5.783871173858643,
      2.822938549584819e-09,
      -2.4439978929535755e-08,
      2.822941436164683e-09,
      5.783871173858643,
      -1.979522545880741e-09,
      -5.670283087511052e-08,
      -1.962142226474839e-09,
      13.024800300598145
    ],
    [
      5.8463544845581055,
      1.556045248207738e-08,
      -7.916048261336073e-09,
      1.556045425843422e-08,
      5.8463544845581055,
      -2.0347409090959445e-08,
      -2.1842128106186465e-08,
      -4.287138111180866e-08,
      12.783599853515625
    ],
    [
      5.910735130310059,
      4.24297219581149e-09,
      2.168419221959539e-08,
      4.242939777299171e-09,
      5.910743236541748,
      -9.031302283801779e-07,
      4.142324883105175e-08,
      -1.948503268067725e-06,
      12.542400360107422
    ],
    [
      5.5843939781188965,
      1.302292389482318e-06,
      -1.3194085113354959e-06,
      1.5139147535592201e-06,
      6.281065940856934,
      -0.21808792650699615,
      -2.6870543479162734e-06,
      -0.45823127031326294,
      12.301199913024902
    ],
    [
      5.623968601226807,
      1.242082248609222e-06,
      -1.3978477682030643e-06,
      1.4486188320006477e-06,
      6.340404510498047,
      -0.20679399371147156,
      -2.9294694741111016e-06,
      -0.4490869641304016,
      12.059488296508789
    ]
  ],
  "bin": {
    "dtype": "float32",
    "positions": {
      "offset": 0,
      "shape": [
        9,
        32,
        3
      ]
    },
    "op": {
      "offset": 3456,
      "shape": [
        9,
        32
      ]
    }
  },
  "op_range": [
    9.124526766676492e-17,
    0.12412971258163452
  ],
  "curves": {
    "strain": [
      0.0,
      0.02,
      0.04,
      0.06,
      0.08,
      0.06,
      0.04,
      0.020000000000000004,
      0.0
    ],
    "stress_gpa": [
      -0.21972520649433136,
      0.4570366144180298,
      0.8632529973983765,
      1.201055884361267,
      1.0338218212127686,
      0.5829812288284302,
      0.43167445063591003,
      -2.031769037246704,
      -3.8726577758789062
    ],
    "energy_per_atom": [
      -7.189112663269043,
      -7.188827037811279,
      -7.1879706382751465,
      -7.1867289543151855,
      -7.185102462768555,
      -7.186737060546875,
      -7.188035011291504,
      -7.219433784484863,
      -7.214511394500732
    ],
    "heat_flow_ev": [
      0.0,
      -0.00264484991916926,
      0.008731268555198853,
      0.01676582351454524,
      0.009120410684997589,
      0.0080555619384887,
      0.013763507594814962,
      1.0485549989530878,
      0.004086459149375832
    ],
    "cum_heat_ev": [
      0.0,
      -0.00264484991916926,
      0.006086418636029592,
      0.022852242150574832,
      0.03197265283557242,
      0.04002821477406112,
      0.05379172236887608,
      1.1023467213219638,
      1.1064331804713397
    ]
  },
  "meta": {
    "eps_max": 0.08,
    "n_steps": 4,
    "n_frames": 9,
    "n_atoms": 32,
    "V0_ang3": 438.5124540000002,
    "L0_z_ang": 12.06,
    "supercell": [
      2,
      2,
      4
    ],
    "loop_area_ev": 0.29367378105727715
  }
}